Label,Type,Description,Tags,LP Potential,Net Worth,Location,Sector,8200 Alumni,image
Gigi Levy-Weiss,Person,"NFX GP, prolific angel",Gaming|VC|Personal Investor,Warm,$20-50M,Tel Aviv,Investor,No,
Omer Goldberg,Person,"Chaos Labs founder",DeFi|Risk,Hot,$5-20M,Tel Aviv,Crypto/Web3,No,
Yaniv Tal,Person,"The Graph co-founder - decentralized indexing protocol",,Cold,,SF Bay Area,Crypto/Web3,No,
Or Dadosh,Person,"Venn founder - Collider portfolio",Venn|EigenLayer|Security,Warm,,Tel Aviv,Crypto/Web3,No,
David Solomon,Person,"Reach co-founder - blockchain payments",,Warm,,Tel Aviv,Crypto/Web3,No,
Omer Sadika,Person,"Ika co-founder - parallel MPC network",,Warm,,Tel Aviv,Crypto/Web3,No,
David Lachmish,Person,"Ika co-founder - parallel MPC network",,Warm,,Tel Aviv,Crypto/Web3,No,
Dima Kogan,Person,"Fordefi co-founder - institutional wallet, 8200 alumni",,Warm,,Tel Aviv,Crypto/Web3,Yes,
Michael Shaulov,Person,"Fireblocks founder, $8B valuation",8200|Crypto|MPC,Warm,$100M+,Tel Aviv,Crypto/Web3,Yes,
Ami Luttwak,Person,"Adallom + Wiz co-founder",8200|Serial Founder|Cyber,Not Relevant,$100M+,Tel Aviv,Cybersecurity,Yes,
Shauli Rejwan,Person,"Sponsors Web3 Dev Underground",Web3|VC,Hot,$5-20M,Tel Aviv,Investor,No,
Tal Zackon,Person,"Tres Finance founder - Web3 accounting",Tres Finance|Accounting,Warm,,Tel Aviv,Crypto/Web3,No,
Ido Ben-Natan,Person,"Blockaid founder - rising star",Web3 Security|8200,Hot,$5-20M,Tel Aviv,Crypto/Web3,Yes,
Guy Itzhaki,Person,"FHEenix founder - Collider portfolio",FHEenix|FHE|Privacy,Warm,,Tel Aviv,Crypto/Web3,No,
Dan Danay,Person,"Curv co-founder (PayPal $200M acquisition)",,Warm,,Tel Aviv,Crypto/Web3,No,
Daniel Sevitt,Person,"GK8 co-founder - Galaxy acquisition",GK8|Custody,Warm,$5-20M,Tel Aviv,Crypto/Web3,No,
Assaf Eli,Person,"Venn co-founder - transaction security network",,Warm,,Tel Aviv,Crypto/Web3,No,
Guy Peer,Person,"Unbound Security co-founder - acquired by Coinbase",,Warm,$5-20M,Tel Aviv,Crypto/Web3,No,
Dan Yadlin,Person,"Curv co-founder - $200M PayPal exit",Curv|MPC|PayPal,Warm,$20-50M,Tel Aviv,Crypto/Web3,No,
Tom Teman,Person,"Portis co-founder - acquired by ShapeShift",,Hot,$5-20M,Tel Aviv,Crypto/Web3,No,
Bentzi Rabi,Person,"Utila co-founder - wallet infrastructure",,Warm,,Tel Aviv,Crypto/Web3,No,
Gil Shwed,Person,"Check Point founder, invented firewall, Israel Prize laureate",Cyber Godfather|8200,Not Relevant,$100M+,Tel Aviv,Cybersecurity,Yes,
Yaniv Azar,Person,"Reach co-founder - blockchain payments",,Warm,,Tel Aviv,Crypto/Web3,No,
Shahar Shamai,Person,"GK8 co-founder - Galaxy acquisition",GK8|Custody,Warm,$5-20M,Tel Aviv,Crypto/Web3,No,
Yehonatan Scaly,Person,"Ika co-founder - parallel MPC network",,Warm,,Tel Aviv,Crypto/Web3,No,
Dr. Eran Tromer,Person,"Tel Aviv University. Zcash founding scientist (Zerocash protocol).",Zcash|Cryptography,Cold,,Tel Aviv,Academic,No,
Nir Zuk,Person,"Palo Alto Networks founder, ex-Check Point, $150M+ invested",Cyber|Check Point Alumni,Not Relevant,$100M+,SF Bay Area,Cybersecurity,Yes,
Gil Dibner,Person,"Angular Ventures founder, makes own decisions",Deep Tech|Solo GP,Warm,$5-20M,Tel Aviv,Investor,No,
Alon Muroch,Person,"SSV Network founder - distributed validator technology",,Warm,,Tel Aviv,Crypto/Web3,No,
Pavel Berengoltz,Person,"Fireblocks co-founder - $8B valuation, 8200 alumni",,Warm,,Tel Aviv,Crypto/Web3,Yes,
Eran Shir,Person,"Nexar co-founder (AI dashcam) - previously in crypto space",,Warm,,Tel Aviv,Crypto/Web3,No,
Michael Eisenberg,Person,"Aleph partner, writes about crypto",Thought Leader|VC,Warm,$20-50M,Tel Aviv,Investor,No,
Netanel Kabala,Person,"Simplex co-founder - $225M Nuvei exit",Simplex|Payments,Hot,$20-50M,Tel Aviv,Crypto/Web3,No,
Alessandro Chiesa,Person,"StarkWare co-founder - UC Berkeley professor, STARK inventor",,Cold,,SF Bay Area,Crypto/Web3,No,
Oren Zeev,Person,"Zeev Ventures, Houzz investor",Solo GP|Consumer,Cold,$100M+,Tel Aviv,Investor,No,
Avi Rozen,Person,"Curv co-founder (PayPal $200M acquisition)",,Warm,,Tel Aviv,Crypto/Web3,No,
Aharon Miller,Person,"Oobit co-founder - crypto payments app",,Warm,,Tel Aviv,Crypto/Web3,No,
Itay Malinger,Person,"Curv co-founder - PayPal $200M exit",MPC|Crypto|PayPal Exit,Hot,$20-50M,Tel Aviv,Crypto/Web3,No,
Asaf Meir,Person,"Solidus Labs co-founder - crypto market surveillance",,Warm,,Tel Aviv,Crypto/Web3,No,
Eli Ben-Sasson,Person,"StarkWare co-founder, invented STARKs, Technion professor",Cryptography|ZK|Technion,Cold,$100M+,Tel Aviv,Crypto/Web3,No,
Idan Ofrat,Person,"Fireblocks co-founder",Fireblocks,Not Relevant,,Tel Aviv,Crypto/Web3,Yes,
Michael Volfman,Person,"Fordefi co-founder - institutional wallet",,Warm,,Tel Aviv,Crypto/Web3,No,
Adiel Ya'akov,Person,"Collider Ventures Partner",Collider|VC,Not Relevant,,Tel Aviv,Investor,No,
Alon Webman,Person,"Chain Reaction co-founder - blockchain hardware acceleration",,Warm,,Tel Aviv,Crypto/Web3,No,
Oren Fine,Person,"Spherex co-founder - smart contract security, 8200 alumni",,Warm,,Tel Aviv,Crypto/Web3,Yes,
Tamar Vereli,Person,"Collider Ventures Finance Operations",Collider|Finance,Not Relevant,,Tel Aviv,Investor,No,
Oren Yokev,Person,"Chain Reaction co-founder - blockchain hardware acceleration",,Warm,,Tel Aviv,Crypto/Web3,No,
Uri Margalit,Person,"eOracle co-founder",eOracle|EigenLayer,Warm,,Tel Aviv,Crypto/Web3,No,
Avner Mor,Person,"Unbound Security co-founder - acquired by Coinbase",,Warm,$5-20M,Tel Aviv,Crypto/Web3,No,
Yishay Harel,Person,"Dymension founder - modular blockchain",Dymension|RollApps,Warm,,Tel Aviv,Crypto/Web3,No,
Lior Lamesh,Person,"GK8 founder - Galaxy acquisition",GK8|Custody,Hot,$20-50M,Tel Aviv,Crypto/Web3,Yes,
Yossi Vardi,Person,"Israeli tech godfather, ICQ, 80+ investments",Godfather|ICQ|80+ investments,Cold,$100M+,Tel Aviv,Investor,No,
Shahar Madar,Person,"Fireblocks co-founder (cybersecurity team), 8200 alumni",,Warm,,Tel Aviv,Crypto/Web3,Yes,
Shelly Grossman,Person,"Certora co-founder - smart contract audits",Certora|Formal Verification,Cold,,Tel Aviv,Crypto/Web3,No,
Nigel Smart,Person,"Unbound Security co-founder - acquired by Coinbase",,Warm,$5-20M,Tel Aviv,Crypto/Web3,No,
Sebastian Lehrer,Person,"Collider investor, report author",Crypto|Content,Hot,$1-5M,Tel Aviv,Investor,No,
Udi Wertheimer,Person,"Taproot Wizards founder - Bitcoin Ordinals pioneer",Taproot Wizards|Bitcoin|Ordinals,Warm,$5-20M,Tel Aviv,Crypto/Web3,No,
Amir Chetrit,Person,"From the Colored Coins team, joined Ethereum as a co-founder",Ethereum|Colored Coins,Warm,,Tel Aviv,Crypto/Web3,No,
Roy Reznik,Person,"Adallom + Wiz co-founder",8200|Serial Founder,Not Relevant,$50-100M,Tel Aviv,Cybersecurity,Yes,
Yarden Shechter,Person,"Othentic founder - Collider portfolio",Othentic|AVS|EigenLayer,Warm,,Tel Aviv,Crypto/Web3,No,
Yoni Goldberg,Person,"Dynamic co-founder - Web3 auth platform (acquired by Fireblocks $90M)",,Warm,,Tel Aviv,Crypto/Web3,No,
Dr. Aviv Zohar,Person,"Hebrew University. Co-Founder & Chief Scientist at QED-it",Blockchain|Scaling,Cold,,Tel Aviv,Academic,No,
Gary Benattar,Person,"Zengo co-founder - MPC wallet",,Not Relevant,,Tel Aviv,Crypto/Web3,No,
Ehud Shabtai,Person,"Waze technical co-founder",Waze|8200,Warm,$20-50M,Tel Aviv,Consumer,Yes,
Nimrod Lehavi,Person,"Simplex founder - $200-250M Nuvei exit",Simplex|Payments,Hot,$20-50M,Tel Aviv,Crypto/Web3,No,
Adam Levi,Person,"Backed co-founder - tokenized stocks",Backed|RWA,Warm,,Tel Aviv,Crypto/Web3,No,
Scott Gralnick,Person,"Portis co-founder",Portis,Warm,$5-20M,Tel Aviv,Crypto/Web3,No,
Eyal Hertzog,Person,"Bancor co-founder, invented AMM",DeFi|AMM,Warm,$5-20M,Tel Aviv,Crypto/Web3,No,
Ben Samocha,Person,"EXISTING CONTACT via Reuven - START HERE",Crypto|Community,Hot,$1-5M,Tel Aviv,Connector,No,
Dovi Frances,Person,"Group 11 founder, backed Fireblocks early",Fintech|VC,Warm,$20-50M,Tel Aviv,Investor,No,
Michael Asa,Person,"Ingonyama co-founder - ZK hardware",Ingonyama|ZK|Hardware,Warm,,Tel Aviv,Crypto/Web3,No,
Dr. Tal Moran,Person,"Reichman University. Research led to Spacemesh blockchain. Advances MPC.",MPC|Spacemesh,Cold,,Tel Aviv,Academic,No,
Erez Shapira,Person,"Simplex co-founder - $225M Nuvei exit",Simplex|Payments,Hot,$20-50M,Tel Aviv,Crypto/Web3,No,
Raz Niv,Person,"Blockaid co-founder",Blockaid|Security,Not Relevant,,Tel Aviv,Crypto/Web3,Yes,
Asaf Nadler,Person,"Addressable co-founder - crypto marketing platform",,Warm,,Tel Aviv,Crypto/Web3,No,
Yoni Assia,Person,"eToro founder (35M users). Met Vitalik in Israel 2013. Colored Coins team.",eToro|Colored Coins,Hot,$100M+,Tel Aviv,Crypto/Web3,No,
Roberto Klein,Person,"Backed co-founder",Backed|RWA,Warm,,Tel Aviv,Crypto/Web3,No,
Yonatan Hayun,Person,"Chaos Labs co-founder",Chaos Labs|DeFi,Not Relevant,,Tel Aviv,Crypto/Web3,No,
Sam Eiderman,Person,"Utila co-founder - wallet infrastructure",,Warm,,Tel Aviv,Crypto/Web3,No,
Uri Levine,Person,"Waze co-founder, 11 startups, Moovit board",Serial Founder|Consumer,Warm,$100M+,Tel Aviv,Consumer,Yes,
Eden Vitner,Person,"Collider Ventures Operations Assistant",Collider|Operations,Not Relevant,,Tel Aviv,Investor,No,
Elichai Turkel,Person,"Sodot co-founder - secret-keeping network",,Warm,,Tel Aviv,Crypto/Web3,No,
Yaniv Nissenboim,Person,"Hexagate founder - Chainalysis acquisition 2024",Hexagate|Security,Warm,$5-20M,Tel Aviv,Crypto/Web3,No,
Josh Schwartz,Person,"Fordefi founder - $100M Paxos acquisition",Fordefi|MPC,Warm,$5-20M,Tel Aviv,Crypto/Web3,No,
Hillel Fuld,Person,"Tech influencer, very responsive on Twitter",Influencer|Content|Amplification,Warm,$1-5M,Tel Aviv,Connector,No,
Michael Riabzev,Person,"StarkWare co-founder - chief architect",,Warm,,Tel Aviv,Crypto/Web3,No,
Eyal Meron,Person,"Spherex co-founder - smart contract security, 8200 alumni",,Warm,,Tel Aviv,Crypto/Web3,Yes,
Mooly Sagiv,Person,"Certora founder - secures $25B+ DeFi",Certora|Formal Verification,Cold,,Tel Aviv,Academic,No,
Tal Be'ery,Person,"Zengo CTO - IN DEAL PIPELINE (not LP target)",MPC|Security,Not Relevant,,Tel Aviv,Crypto/Web3,No,
Yohai Rayfeld,Person,"Efficient Frontier co-founder - digital asset management",,Warm,,Tel Aviv,Crypto/Web3,No,
Adam Efrima,Person,"SSV Network founder - ETH staking infrastructure",SSV Network|Staking,Warm,,Tel Aviv,Crypto/Web3,No,
Gil Rabinovici,Person,"Kryptex founder - crypto mining platform",,Warm,,Tel Aviv,Crypto/Web3,No,
Ronen Assia,Person,"eToro co-founder",eToro,Hot,$100M+,Tel Aviv,Crypto/Web3,No,
Ohad Galor Kimchi,Person,"Efficient Frontier co-founder - digital asset management",,Warm,,Tel Aviv,Crypto/Web3,No,
Dr. Dan Boneh,Person,"Leading cryptographer at Stanford. 100+ published papers.",Cryptography|Stanford,Cold,,SF Bay Area,Academic,No,
Ouriel Ohayon,Person,"Zengo CEO - IN DEAL PIPELINE (not LP target)",Crypto|Wallet|Consumer,Not Relevant,,Tel Aviv,Crypto/Web3,No,
Itai Turbahn,Person,"Dynamic co-founder - Web3 auth platform (acquired by Fireblocks $90M)",,Warm,,Tel Aviv,Crypto/Web3,No,
Niv Yehezkel,Person,"Hexagate co-founder - Web3 security (acquired by Chainalysis $200M+), 8200 alumni",,Hot,$5-20M,Tel Aviv,Crypto/Web3,Yes,
Uri Kolodny,Person,"StarkWare co-founder",Crypto|ZK,Cold,$100M+,Tel Aviv,Crypto/Web3,No,
Yehuda Lindell,Person,"Unbound Security co-founder, MPC pioneer, Coinbase exit",MPC|Cryptography|Academic,Warm,$5-20M,Tel Aviv,Academic,No,
Dan Caspi,Person,"Hypernative co-founder",Hypernative|Security,Not Relevant,,Tel Aviv,Crypto/Web3,No,
Matan Sitbon,Person,"eOracle founder - built on EigenLayer",eOracle|EigenLayer,Warm,,Tel Aviv,Crypto/Web3,No,
Gal Sagie,Person,"Hypernative co-founder",AI|Security|Web3,Hot,$5-20M,Tel Aviv,Crypto/Web3,No,
Dr. Shafi Goldwasser,Person,"Co-inventor of zero-knowledge proofs - 2012 Turing Award winner. Weizmann Institute.",ZK Pioneer|Turing Award,Cold,,Tel Aviv,Academic,No,
Tal Shalom,Person,"Collider Ventures Partner",Collider|VC,Not Relevant,,Tel Aviv,Investor,No,
Assaf Rappaport,Person,"Adallom + Wiz founder, $32B exit",8200|Serial Founder|Cyber,Not Relevant,$100M+,Tel Aviv,Cybersecurity,Yes,
Roei Levav,Person,"Efficient Frontier co-founder - digital asset management",,Warm,,Tel Aviv,Crypto/Web3,No,
Ronen Vindichansky,Person,"Collider Ventures Chief Operating Officer",Collider|Operations,Not Relevant,,Tel Aviv,Investor,No,
Itay Radotzki,Person,"Portis co-founder",Portis,Warm,$5-20M,Tel Aviv,Crypto/Web3,No,
Tomer Shlomo,Person,"Addressable co-founder - crypto marketing platform",,Warm,,Tel Aviv,Crypto/Web3,No,
Chen Arad,Person,"Solidus Labs co-founder - crypto market surveillance",,Warm,,Tel Aviv,Crypto/Web3,No,
Shalev Keren,Person,"Sodot co-founder - secret-keeping network",,Warm,,Tel Aviv,Crypto/Web3,No,
Tomer Sharoni,Person,"Addressable co-founder - crypto marketing platform",,Warm,,Tel Aviv,Crypto/Web3,No,
Praveen Kumar,Person,"Solidus Labs co-founder - crypto market surveillance",,Warm,,Tel Aviv,Crypto/Web3,No,
Meni Rosenfeld,Person,"Weizmann Institute. Founder/chairman Israeli Bitcoin Association.",Bitcoin|Israeli Bitcoin Association,Warm,,Tel Aviv,Crypto/Web3,No,
Yaron Velner,Person,"B.Protocol founder, DeFi OG",DeFi|Liquidation,Warm,$1-5M,Tel Aviv,Crypto/Web3,No,
Adi Shamir,Person,"The 'S' in RSA encryption. Weizmann Institute. Turing Award winner.",RSA|Cryptography|Turing Award,Cold,,Tel Aviv,Academic,No,
Tom Azoulay,Person,"Sayfer co-founder - blockchain security audits",,Warm,,Tel Aviv,Crypto/Web3,No,
Yinon Costica,Person,"Adallom + Wiz co-founder",8200|Serial Founder,Not Relevant,$50-100M,Tel Aviv,Cybersecurity,Yes,
Omer Shlomovits,Person,"Ingonyama co-founder - ZK proofs hardware",Ingonyama|ZK|Cryptography,Warm,,Tel Aviv,Crypto/Web3,No,
Avishay Ovadia,Person,"Israeli crypto super-connector",Crypto VC|Connector,Hot,$5-20M,Tel Aviv,Investor,No,
Shlomo Kramer,Person,"Check Point co-founder, Imperva founder, Cato Networks founder, 60+ investments",Serial Founder|Cyber|Investor,Cold,$100M+,Tel Aviv,Cybersecurity,Yes,
Ido Sofer,Person,"Sodot co-founder - secret-keeping network, 8200 alumni",,Warm,,Tel Aviv,Crypto/Web3,Yes,
Eden Shochat,Person,"Aleph partner, bold investor",Enterprise|VC,Warm,$20-50M,Tel Aviv,Investor,No,
Eylon Levin,Person,"Collider Ventures Partner - Operations",Collider|Operations,Not Relevant,,Tel Aviv,Investor,No,
Dean Rubin,Person,"Othentic co-founder - Collider portfolio",Othentic|AVS|EigenLayer,Warm,,Tel Aviv,Crypto/Web3,No,
Matan Hamilis,Person,"Sodot co-founder - secret-keeping network",,Warm,,Tel Aviv,Crypto/Web3,No,
Danny Shterman,Person,"Ingonyama co-founder",Ingonyama|ZK,Warm,,Tel Aviv,Crypto/Web3,No,
Adam Benayoun,Person,"Collider technical partner",Crypto VC|Technical,Warm,$1-5M,Tel Aviv,Investor,No,
Roi Bar-Zur,Person,"Sayfer co-founder - blockchain security audits",,Warm,,Tel Aviv,Crypto/Web3,No,
Yoav Weiss,Person,"Co-authored ERC-4337 (Account Abstraction) standard",ERC-4337|Account Abstraction,Cold,,Tel Aviv,Crypto/Web3,No,
Yehonatan Goldman,Person,"Backed co-founder",Backed|RWA,Warm,,Tel Aviv,Crypto/Web3,No,
David Ring,Person,"eToro co-founder",eToro,Hot,$50-100M,Tel Aviv,Crypto/Web3,No,
Amram Adar,Person,"Oobit co-founder - crypto payments app",,Warm,,Tel Aviv,Crypto/Web3,No,
Dr. Yonatan Sompolinsky,Person,"Hebrew University. Created KASPA, GHOST protocol (influenced Ethereum).",GHOST|Kaspa|BlockDAG,Warm,$5-20M,Tel Aviv,Crypto/Web3,No,
Nadav Zafrir,Person,"Former 8200 Commander, Team8 founder, now Check Point CEO",8200 Commander|Team8,Not Relevant,$50-100M,Tel Aviv,Cybersecurity,Yes,
Eric Wall,Person,"Taproot Wizards co-founder - Bitcoin Ordinals",Taproot Wizards|Bitcoin|Ordinals,Warm,$5-20M,Tel Aviv,Crypto/Web3,No,
Dov Moran,Person,"M-Systems ($1.6B exit), Modu founder, Grove Ventures founder",Serial Founder|Hardware|Deep Tech,Warm,$100M+,Tel Aviv,Investor,No,
Guy Zyskind,Person,"FHEenix co-founder - previously Secret Network/Enigma",FHEenix|Privacy|Enigma,Warm,,Tel Aviv,Crypto/Web3,No,
Gur Shatz,Person,"Cato Networks co-founder",SASE|Cybersecurity,Warm,,Tel Aviv,Cybersecurity,No,
Tres Finance,Company,"Simplifies Web3 accounting, auditing, and reporting",,,,Tel Aviv,Crypto/Web3,No,https://logo.clearbit.com/tres.finance
Wiz,Company,"Fastest growing cyber company ever",8200 Origin,,,Tel Aviv,Cybersecurity,No,https://logo.clearbit.com/wiz.io
Check Point,Company,"Invented the firewall - Israeli cyber origin story",8200 Origin,,,Tel Aviv,Cybersecurity,No,https://logo.clearbit.com/checkpoint.com
Dynamic,Company,"Web3 authentication platform",,,,Tel Aviv,Crypto/Web3,No,https://logo.clearbit.com/dynamic.xyz
Utila,Company,"Enterprise crypto operations with institutional MPC wallet",,,,Tel Aviv,Crypto/Web3,No,https://logo.clearbit.com/utila.io
Hexagate,Company,"Smart contract security",,,,Tel Aviv,Crypto/Web3,No,https://logo.clearbit.com/hexagate.com
Othentic,Company,"Tools for creating Actively Validated Services (AVS)",,,,Tel Aviv,Crypto/Web3,No,https://logo.clearbit.com/othentic.xyz
Alterya,Company,"Blockchain compliance",,,,Tel Aviv,Crypto/Web3,No,
Kaspa,Company,"Fast, open-source Layer-1 blockchain using blockDAG technology",,,,Tel Aviv,Crypto/Web3,No,https://logo.clearbit.com/kaspa.org
Waze,Company,"Navigation app - acquired by Google",,,,Tel Aviv,Consumer,No,https://logo.clearbit.com/waze.com
Oobit,Company,"Tap & Pay crypto anywhere Visa/Mastercard accepted",,,,Tel Aviv,Crypto/Web3,No,https://logo.clearbit.com/oobit.com
Horizon,Company,"Prime broker of Altshuler Shaham investment house",,,,Tel Aviv,Crypto/Web3,No,
Modu,Company,"Modular smartphone pioneer - failed but spawned 12+ startups",Modu Effect,,,Tel Aviv,Hardware,No,
Curv,Company,"MPC custody pioneer",,,,Tel Aviv,Crypto/Web3,No,
Efficient Frontier,Company,"Digital asset algorithmic trading firm",,,,Tel Aviv,Crypto/Web3,No,
eOracle,Company,"Bridges off-chain data into smart contracts, built on EigenLayer",,,,Tel Aviv,Crypto/Web3,No,https://logo.clearbit.com/eoracle.io
Blockaid,Company,"On-chain security platform",,,,Tel Aviv,Crypto/Web3,No,https://logo.clearbit.com/blockaid.io
Fireblocks,Company,"Enterprise crypto custody leader",,,,Tel Aviv,Crypto/Web3,No,https://logo.clearbit.com/fireblocks.com
Palo Alto Networks,Company,"Next-gen firewall leader",,,,SF Bay Area,Cybersecurity,No,https://logo.clearbit.com/paloaltonetworks.com
Reach,Company,"All-in-one B2B growth platform",,,,Tel Aviv,Crypto/Web3,No,
Collider Ventures,Company,"Israeli crypto-focused VC",,,,Tel Aviv,Crypto/Web3,No,https://logo.clearbit.com/collider.vc
Bancor,Company,"Invented automated market makers",,,,Tel Aviv,Crypto/Web3,No,https://logo.clearbit.com/bancor.network
Zengo,Company,"Consumer MPC wallet - zero hacks",,,,Tel Aviv,Crypto/Web3,No,https://logo.clearbit.com/zengo.com
Certora,Company,"Formal verification and smart contract audits - secures $25B+ DeFi",,,,Tel Aviv,Crypto/Web3,No,https://logo.clearbit.com/certora.com
Team8,Company,"Cyber foundry + VC",,,,Tel Aviv,Cybersecurity,No,https://logo.clearbit.com/team8.vc
Dymension,Company,"Layer 1 connecting users via modular RollApps",,,,Tel Aviv,Crypto/Web3,No,https://logo.clearbit.com/dymension.xyz
SSV Network,Company,"Decentralized ETH staking using Secret Shared Validator",,,,Tel Aviv,Crypto/Web3,No,https://logo.clearbit.com/ssv.network
Simplex,Company,"Fraud-free crypto payment processing",,,,Tel Aviv,Crypto/Web3,No,https://logo.clearbit.com/simplex.com
Addressable,Company,"Web3 growth platform connecting on-chain and social data",,,,Tel Aviv,Crypto/Web3,No,https://logo.clearbit.com/addressable.io
Unbound Security,Company,"MPC security platform",,,,Tel Aviv,Cybersecurity,No,
Imperva,Company,"Web application firewall pioneer",,,,Tel Aviv,Cybersecurity,No,https://logo.clearbit.com/imperva.com
Spherex,Company,"Real-time on-chain smart contract security",,,,Tel Aviv,Crypto/Web3,No,https://logo.clearbit.com/spherex.xyz
Grove Ventures,Company,"Deep tech VC founded by Dov Moran",,,,Tel Aviv,Investor,No,https://logo.clearbit.com/grovevc.com
Taproot Wizards,Company,"Prominent Bitcoin Ordinals collection",,,,Tel Aviv,Crypto/Web3,No,
B.Protocol,Company,"DeFi liquidation protocol",,,,Tel Aviv,Crypto/Web3,No,https://logo.clearbit.com/bprotocol.org
Chaos Labs,Company,"DeFi risk management",,,,Tel Aviv,Crypto/Web3,No,https://logo.clearbit.com/chaoslabs.xyz
StarkWare,Company,"Invented STARKs - ZK rollup leader",,,,Tel Aviv,Crypto/Web3,No,https://logo.clearbit.com/starkware.co
Fordefi,Company,"Institutional MPC wallet",,,,Tel Aviv,Crypto/Web3,No,https://logo.clearbit.com/fordefi.com
Coti V2,Company,"Confidentiality layer on Ethereum using Garbled Circuits",,,,Tel Aviv,Crypto/Web3,No,https://logo.clearbit.com/coti.io
FHEenix,Company,"First confidential Layer 2 solution powered by FHE",,,,Tel Aviv,Crypto/Web3,No,
Sodot,Company,"MPC infrastructure with sub-5ms signing",,,,Tel Aviv,Crypto/Web3,No,
M-Systems,Company,"Invented USB Flash Drive (DiskOnKey)",,,,Tel Aviv,Hardware,No,
CyberArk,Company,"Identity security leader",,,,Tel Aviv,Cybersecurity,No,https://logo.clearbit.com/cyberark.com
Chain Reaction,Company,"Custom chips for blockchain and privacy compute",,,,Tel Aviv,Crypto/Web3,No,
Backed,Company,"Issues ERC-20 tokens tracking value of stocks or ETFs",,,,Tel Aviv,Crypto/Web3,No,https://logo.clearbit.com/backed.fi
Ingonyama,Company,"Designs advanced hardware to accelerate ZK Proofs",,,,Tel Aviv,Crypto/Web3,No,https://logo.clearbit.com/ingonyama.com
Israeli Crypto Forum,Company,"Israeli Crypto, Blockchain, and Web 3.0 Companies Forum - nonprofit initiative co-founded by Collider",,,,Tel Aviv,Crypto/Web3,No,
Adallom,Company,"Cloud security pioneer",8200 Origin,,,Tel Aviv,Cybersecurity,No,
GK8,Company,"Self-custody technology for digital assets",,,,Tel Aviv,Crypto/Web3,No,
Hypernative,Company,"Web3 security protecting $100B+ assets",,,,Tel Aviv,Crypto/Web3,No,https://logo.clearbit.com/hypernative.io
Ika,Company,"Fast MPC network - 10,000 signatures/second",,,,Tel Aviv,Crypto/Web3,No,
Cato Networks,Company,"Created SASE category",,,,Tel Aviv,Cybersecurity,No,https://logo.clearbit.com/catonetworks.com
eToro,Company,"Social investment and multi-asset brokerage platform with 35 million users",,,,Tel Aviv,Crypto/Web3,No,https://logo.clearbit.com/etoro.com
Solidus Labs,Company,"Trade surveillance and transaction monitoring",,,,Tel Aviv,Crypto/Web3,No,https://logo.clearbit.com/soliduslabs.com
Venn,Company,"Decentralized cybersecurity leveraging EigenLayer",,,,Tel Aviv,Crypto/Web3,No,https://logo.clearbit.com/venn.build
Portis,Company,"Ethereum wallet for dApps",,,,Tel Aviv,Crypto/Web3,No,
Google,Company,"Tech giant - acquired Waze",,,,SF Bay Area,Technology,No,https://logo.clearbit.com/google.com
Microsoft,Company,"Tech giant - acquired Adallom",,,,SF Bay Area,Technology,No,https://logo.clearbit.com/microsoft.com
PayPal,Company,"Payments giant - acquired Curv",,,,SF Bay Area,Fintech,No,https://logo.clearbit.com/paypal.com
Intel,Company,"Semiconductor giant - acquired Moovit",,,,SF Bay Area,Technology,No,https://logo.clearbit.com/intel.com
SanDisk,Company,"Storage company - acquired M-Systems",,,,SF Bay Area,Technology,No,https://logo.clearbit.com/sandisk.com
Coinbase,Company,"Crypto exchange - acquired Unbound Security",,,,SF Bay Area,Crypto/Web3,No,https://logo.clearbit.com/coinbase.com
Nuvei,Company,"Payments company - acquired Simplex",,,,Canada,Fintech,No,https://logo.clearbit.com/nuvei.com
Galaxy Digital,Company,"Crypto investment firm - acquired GK8",,,,New York,Crypto/Web3,No,https://logo.clearbit.com/galaxy.com
Paxos,Company,"Blockchain infrastructure - acquired Fordefi",,,,New York,Crypto/Web3,No,https://logo.clearbit.com/paxos.com
Chainalysis,Company,"Blockchain analytics - acquired Hexagate and Alterya",,,,New York,Crypto/Web3,No,https://logo.clearbit.com/chainalysis.com
ShapeShift,Company,"Crypto platform - acquired Portis",,,,SF Bay Area,Crypto/Web3,No,https://logo.clearbit.com/shapeshift.com
Thoma Bravo,Company,"Private equity - acquired Imperva",,,,SF Bay Area,Investor,No,https://logo.clearbit.com/thomabravo.com
Technion,Institution,"Israel Institute of Technology",,,,Haifa,Academic,No,https://logo.clearbit.com/technion.ac.il
Bar-Ilan University,Institution,"Israeli research university",,,,Tel Aviv,Academic,No,https://logo.clearbit.com/biu.ac.il
Hebrew University,Institution,"Leading Israeli research university",,,,Jerusalem,Academic,No,https://logo.clearbit.com/huji.ac.il
Tel Aviv University,Institution,"Israel's largest university",,,,Tel Aviv,Academic,No,https://logo.clearbit.com/tau.ac.il
Weizmann Institute,Institution,"World-renowned research institution",,,,Rehovot,Academic,No,https://logo.clearbit.com/weizmann.ac.il
Unit 8200,Institution,"IDF Intelligence Corps cyber unit",,,,Israel,Military,No,
IDF,Institution,"Israel Defense Forces",,,,Israel,Military,No,
NFX,Company,"Venture capital firm",VC,,,SF Bay Area,Investor,No,https://logo.clearbit.com/nfx.com
Zeev Ventures,Company,"Solo GP venture fund",VC,,,Tel Aviv,Investor,No,
Masterkey VC,Company,"Venture capital firm",VC,,,Tel Aviv,Investor,No,
Aleph,Company,"Israeli venture capital firm",VC,,,Tel Aviv,Investor,No,https://logo.clearbit.com/aleph.vc
Angular Ventures,Company,"Deep tech venture capital",VC,,,Tel Aviv,Investor,No,https://logo.clearbit.com/angularventures.com
Group 11,Company,"Fintech focused VC",VC,,,Tel Aviv,Investor,No,https://logo.clearbit.com/group11.vc
CryptoJungle,Company,"Crypto community platform",,,,Tel Aviv,Crypto/Web3,No,
Pontera,Company,"Retirement savings platform",,,,Tel Aviv,Fintech,No,https://logo.clearbit.com/pontera.com
Moovit,Company,"Public transit app - acquired by Intel",,,,Tel Aviv,Consumer,No,https://logo.clearbit.com/moovit.com
Sayfer,Company,"Blockchain security audits",,,,Tel Aviv,Crypto/Web3,No,https://logo.clearbit.com/sayfer.io
